gemm_dtype,m,n,k,latency
bfloat16,1,768,1024,0.003938666648334927
bfloat16,2,768,1024,0.003956444561481476
bfloat16,4,768,1024,0.003937777959638172
bfloat16,128,768,1024,0.0040702223777771
bfloat16,256,768,1024,0.004341333276695675
bfloat16,512,768,1024,0.004528000122971005
bfloat16,1024,768,1024,0.005647999958859549
bfloat16,2048,768,1024,0.007194666398896112
bfloat16,1,1024,512,0.00328177772462368
bfloat16,2,1024,512,0.0032355555643637977
bfloat16,4,1024,512,0.0032711111836963226
bfloat16,128,1024,512,0.003510222252872255
bfloat16,256,1024,512,0.003818666769398583
bfloat16,512,1024,512,0.003920888735188378
bfloat16,1024,1024,512,0.004678222040335338
bfloat16,2048,1024,512,0.006136888845099344
bfloat16,1,1024,1024,0.003944888710975647
bfloat16,2,1024,1024,0.003915555361244413
bfloat16,4,1024,1024,0.003941333128346337
bfloat16,128,1024,1024,0.0042035554846127825
bfloat16,256,1024,1024,0.004804444395833545
bfloat16,512,1024,1024,0.004864888886610667
bfloat16,1024,1024,1024,0.006155555446942647
bfloat16,2048,1024,1024,0.008545777863926357
bfloat16,1,2048,1024,0.0040942223535643685
bfloat16,2,2048,1024,0.004446222136418025
bfloat16,4,2048,1024,0.0041146667467223275
bfloat16,128,2048,1024,0.004866666677925321
bfloat16,256,2048,1024,0.004872888740566042
bfloat16,512,2048,1024,0.007015110717879401
bfloat16,1024,2048,1024,0.00868622213602066
bfloat16,2048,2048,1024,0.014967110421922473
